value,flagInfo,parameter,period,coordinates,summary,coverage
211.0,{'hasFlags': False},"{'id': 2, 'name': 'pm25', 'units': 'µg/m³', 'displayName': None}","{'label': '1 month', 'interval': '1 month', 'datetimeFrom': {'utc': '2020-12-31T18:30:00Z', 'local': '2021-01-01T00:00:00+05:30'}, 'datetimeTo': {'utc': '2021-01-31T18:30:00Z', 'local': '2021-02-01T00:00:00+05:30'}}",,"{'min': 70.79166412353516, 'q02': 80.56666717529296, 'q25': 141.72618865966797, 'median': 179.5, 'q75': 253.3541717529297, 'q98': 419.4166625976562, 'max': 425.2916564941406, 'avg': 211.05477782218688, 'sd': 95.76536344691222}","{'expectedCount': 31, 'expectedInterval': '744:00:00', 'observedCount': 31, 'observedInterval': '744:00:00', 'percentComplete': 100.0, 'percentCoverage': 100.0, 'datetimeFrom': {'utc': '2020-12-31T18:30:00Z', 'local': '2021-01-01T00:00:00+05:30'}, 'datetimeTo': {'utc': '2021-01-31T18:30:00Z', 'local': '2021-02-01T00:00:00+05:30'}}"
154.0,{'hasFlags': False},"{'id': 2, 'name': 'pm25', 'units': 'µg/m³', 'displayName': None}","{'label': '1 month', 'interval': '1 month', 'datetimeFrom': {'utc': '2021-01-31T18:30:00Z', 'local': '2021-02-01T00:00:00+05:30'}, 'datetimeTo': {'utc': '2021-02-28T18:30:00Z', 'local': '2021-03-01T00:00:00+05:30'}}",,"{'min': 47.71428680419922, 'q02': 51.35714340209961, 'q25': 122.49702453613281, 'median': 159.29166412353516, 'q75': 188.98511505126953, 'q98': 261.66666412353516, 'max': 298.0, 'avg': 153.79436346200796, 'sd': 56.29010572573918}","{'expectedCount': 28, 'expectedInterval': '672:00:00', 'observedCount': 28, 'observedInterval': '672:00:00', 'percentComplete': 100.0, 'percentCoverage': 100.0, 'datetimeFrom': {'utc': '2021-01-31T18:30:00Z', 'local': '2021-02-01T00:00:00+05:30'}, 'datetimeTo': {'utc': '2021-02-28T18:30:00Z', 'local': '2021-03-01T00:00:00+05:30'}}"
88.6,{'hasFlags': False},"{'id': 2, 'name': 'pm25', 'units': 'µg/m³', 'displayName': None}","{'label': '1 month', 'interval': '1 month', 'datetimeFrom': {'utc': '2021-02-28T18:30:00Z', 'local': '2021-03-01T00:00:00+05:30'}, 'datetimeTo': {'utc': '2021-03-31T18:30:00Z', 'local': '2021-04-01T00:00:00+05:30'}}",,"{'min': 46.78260803222656, 'q02': 54.91304244995117, 'q25': 70.70833206176758, 'median': 91.91666412353516, 'q75': 104.89583587646484, 'q98': 125.06470336914059, 'max': 139.41175842285156, 'avg': 88.58911994195753, 'sd': 21.007833830557175}","{'expectedCount': 31, 'expectedInterval': '744:00:00', 'observedCount': 31, 'observedInterval': '744:00:00', 'percentComplete': 100.0, 'percentCoverage': 100.0, 'datetimeFrom': {'utc': '2021-02-28T18:30:00Z', 'local': '2021-03-01T00:00:00+05:30'}, 'datetimeTo': {'utc': '2021-03-31T18:30:00Z', 'local': '2021-04-01T00:00:00+05:30'}}"
72.6,{'hasFlags': False},"{'id': 2, 'name': 'pm25', 'units': 'µg/m³', 'displayName': None}","{'label': '1 month', 'interval': '1 month', 'datetimeFrom': {'utc': '2021-03-31T18:30:00Z', 'local': '2021-04-01T00:00:00+05:30'}, 'datetimeTo': {'utc': '2021-04-30T18:30:00Z', 'local': '2021-05-01T00:00:00+05:30'}}",,"{'min': 32.11111068725586, 'q02': 33.333610916137694, 'q25': 46.85416793823242, 'median': 66.2859878540039, 'q75': 83.39583206176758, 'q98': 159.46449401855472, 'max': 170.1666717529297, 'avg': 72.5809086390904, 'sd': 34.385334149074865}","{'expectedCount': 30, 'expectedInterval': '720:00:00', 'observedCount': 28, 'observedInterval': '672:00:00', 'percentComplete': 93.0, 'percentCoverage': 93.0, 'datetimeFrom': {'utc': '2021-03-31T18:30:00Z', 'local': '2021-04-01T00:00:00+05:30'}, 'datetimeTo': {'utc': '2021-04-30T18:30:00Z', 'local': '2021-05-01T00:00:00+05:30'}}"
48.7,{'hasFlags': False},"{'id': 2, 'name': 'pm25', 'units': 'µg/m³', 'displayName': None}","{'label': '1 month', 'interval': '1 month', 'datetimeFrom': {'utc': '2021-04-30T18:30:00Z', 'local': '2021-05-01T00:00:00+05:30'}, 'datetimeTo': {'utc': '2021-05-31T18:30:00Z', 'local': '2021-06-01T00:00:00+05:30'}}",,"{'min': 18.714284896850586, 'q02': 18.82761833190918, 'q25': 29.83333396911621, 'median': 47.05882263183594, 'q75': 60.33333206176758, 'q98': 108.81972778320306, 'max': 124.05882263183594, 'avg': 48.708250243088294, 'sd': 24.42982428322391}","{'expectedCount': 31, 'expectedInterval': '744:00:00', 'observedCount': 29, 'observedInterval': '696:00:00', 'percentComplete': 94.0, 'percentCoverage': 94.0, 'datetimeFrom': {'utc': '2021-04-30T18:30:00Z', 'local': '2021-05-01T00:00:00+05:30'}, 'datetimeTo': {'utc': '2021-05-31T18:30:00Z', 'local': '2021-06-01T00:00:00+05:30'}}"
44.5,{'hasFlags': False},"{'id': 2, 'name': 'pm25', 'units': 'µg/m³', 'displayName': None}","{'label': '1 month', 'interval': '1 month', 'datetimeFrom': {'utc': '2021-05-31T18:30:00Z', 'local': '2021-06-01T00:00:00+05:30'}, 'datetimeTo': {'utc': '2021-06-30T18:30:00Z', 'local': '2021-07-01T00:00:00+05:30'}}",,"{'min': 21.75, 'q02': 22.45, 'q25': 35.25, 'median': 41.66666793823242, 'q75': 53.20833206176758, 'q98': 74.34761810302734, 'max': 75.21428680419922, 'avg': 44.53197150394834, 'sd': 15.328304704034712}","{'expectedCount': 30, 'expectedInterval': '720:00:00', 'observedCount': 29, 'observedInterval': '696:00:00', 'percentComplete': 97.0, 'percentCoverage': 97.0, 'datetimeFrom': {'utc': '2021-05-31T18:30:00Z', 'local': '2021-06-01T00:00:00+05:30'}, 'datetimeTo': {'utc': '2021-06-30T18:30:00Z', 'local': '2021-07-01T00:00:00+05:30'}}"
36.0,{'hasFlags': False},"{'id': 2, 'name': 'pm25', 'units': 'µg/m³', 'displayName': None}","{'label': '1 month', 'interval': '1 month', 'datetimeFrom': {'utc': '2021-06-30T18:30:00Z', 'local': '2021-07-01T00:00:00+05:30'}, 'datetimeTo': {'utc': '2021-07-31T18:30:00Z', 'local': '2021-08-01T00:00:00+05:30'}}",,"{'min': 11.533333778381348, 'q02': 17.86040626525879, 'q25': 27.45652198791504, 'median': 35.599998474121094, 'q75': 43.72222137451172, 'q98': 54.91555587768555, 'max': 55.11111068725586, 'avg': 36.03011989593506, 'sd': 10.41928446998599}","{'expectedCount': 31, 'expectedInterval': '744:00:00', 'observedCount': 23, 'observedInterval': '552:00:00', 'percentComplete': 74.0, 'percentCoverage': 74.0, 'datetimeFrom': {'utc': '2021-06-30T18:30:00Z', 'local': '2021-07-01T00:00:00+05:30'}, 'datetimeTo': {'utc': '2021-07-25T18:30:00Z', 'local': '2021-07-26T00:00:00+05:30'}}"
34.5,{'hasFlags': False},"{'id': 2, 'name': 'pm25', 'units': 'µg/m³', 'displayName': None}","{'label': '1 month', 'interval': '1 month', 'datetimeFrom': {'utc': '2021-07-31T18:30:00Z', 'local': '2021-08-01T00:00:00+05:30'}, 'datetimeTo': {'utc': '2021-08-31T18:30:00Z', 'local': '2021-09-01T00:00:00+05:30'}}",,"{'min': 17.25, 'q02': 17.350000152587892, 'q25': 27.125, 'median': 30.875, 'q75': 43.0, 'q98': 59.122747192382775, 'max': 68.29412078857422, 'avg': 34.51313281881398, 'sd': 12.220127453735978}","{'expectedCount': 31, 'expectedInterval': '744:00:00', 'observedCount': 29, 'observedInterval': '696:00:00', 'percentComplete': 94.0, 'percentCoverage': 94.0, 'datetimeFrom': {'utc': '2021-08-02T18:30:00Z', 'local': '2021-08-03T00:00:00+05:30'}, 'datetimeTo': {'utc': '2021-08-31T18:30:00Z', 'local': '2021-09-01T00:00:00+05:30'}}"
27.4,{'hasFlags': False},"{'id': 2, 'name': 'pm25', 'units': 'µg/m³', 'displayName': None}","{'label': '1 month', 'interval': '1 month', 'datetimeFrom': {'utc': '2021-08-31T18:30:00Z', 'local': '2021-09-01T00:00:00+05:30'}, 'datetimeTo': {'utc': '2021-09-30T18:30:00Z', 'local': '2021-10-01T00:00:00+05:30'}}",,"{'min': 15.416666984558105, 'q02': 16.552500133514403, 'q25': 20.65625, 'median': 25.166666984558105, 'q75': 30.366071701049805, 'q98': 46.72065856933593, 'max': 48.578948974609375, 'avg': 27.387878958384196, 'sd': 8.456664019248723}","{'expectedCount': 30, 'expectedInterval': '720:00:00', 'observedCount': 30, 'observedInterval': '720:00:00', 'percentComplete': 100.0, 'percentCoverage': 100.0, 'datetimeFrom': {'utc': '2021-08-31T18:30:00Z', 'local': '2021-09-01T00:00:00+05:30'}, 'datetimeTo': {'utc': '2021-09-30T18:30:00Z', 'local': '2021-10-01T00:00:00+05:30'}}"
71.6,{'hasFlags': False},"{'id': 2, 'name': 'pm25', 'units': 'µg/m³', 'displayName': None}","{'label': '1 month', 'interval': '1 month', 'datetimeFrom': {'utc': '2021-09-30T18:30:00Z', 'local': '2021-10-01T00:00:00+05:30'}, 'datetimeTo': {'utc': '2021-10-31T18:30:00Z', 'local': '2021-11-01T00:00:00+05:30'}}",,"{'min': 11.916666984558105, 'q02': 20.882500133514405, 'q25': 46.708333015441895, 'median': 62.25, 'q75': 96.57291793823242, 'q98': 147.38392944335934, 'max': 156.7916717529297, 'avg': 71.60246292750041, 'sd': 37.04768791435435}","{'expectedCount': 31, 'expectedInterval': '744:00:00', 'observedCount': 31, 'observedInterval': '744:00:00', 'percentComplete': 100.0, 'percentCoverage': 100.0, 'datetimeFrom': {'utc': '2021-09-30T18:30:00Z', 'local': '2021-10-01T00:00:00+05:30'}, 'datetimeTo': {'utc': '2021-10-31T18:30:00Z', 'local': '2021-11-01T00:00:00+05:30'}}"
228.0,{'hasFlags': False},"{'id': 2, 'name': 'pm25', 'units': 'µg/m³', 'displayName': None}","{'label': '1 month', 'interval': '1 month', 'datetimeFrom': {'utc': '2021-10-31T18:30:00Z', 'local': '2021-11-01T00:00:00+05:30'}, 'datetimeTo': {'utc': '2021-11-30T18:30:00Z', 'local': '2021-12-01T00:00:00+05:30'}}",,"{'min': 111.125, 'q02': 120.71916519165039, 'q25': 182.95833206176758, 'median': 214.5416717529297, 'q75': 262.8854064941406, 'q98': 398.73635131835937, 'max': 408.6666564941406, 'avg': 227.66151555379233, 'sd': 71.9029833285286}","{'expectedCount': 30, 'expectedInterval': '720:00:00', 'observedCount': 30, 'observedInterval': '720:00:00', 'percentComplete': 100.0, 'percentCoverage': 100.0, 'datetimeFrom': {'utc': '2021-10-31T18:30:00Z', 'local': '2021-11-01T00:00:00+05:30'}, 'datetimeTo': {'utc': '2021-11-30T18:30:00Z', 'local': '2021-12-01T00:00:00+05:30'}}"
192.0,{'hasFlags': False},"{'id': 2, 'name': 'pm25', 'units': 'µg/m³', 'displayName': None}","{'label': '1 month', 'interval': '1 month', 'datetimeFrom': {'utc': '2021-11-30T18:30:00Z', 'local': '2021-12-01T00:00:00+05:30'}, 'datetimeTo': {'utc': '2021-12-31T18:30:00Z', 'local': '2022-01-01T00:00:00+05:30'}}",,"{'min': 115.625, 'q02': 115.7999984741211, 'q25': 144.2916717529297, 'median': 164.2083282470703, 'q75': 214.875, 'q98': 357.8833312988281, 'max': 369.4583435058594, 'avg': 191.81878785164125, 'sd': 71.9285526593849}","{'expectedCount': 31, 'expectedInterval': '744:00:00', 'observedCount': 31, 'observedInterval': '744:00:00', 'percentComplete': 100.0, 'percentCoverage': 100.0, 'datetimeFrom': {'utc': '2021-11-30T18:30:00Z', 'local': '2021-12-01T00:00:00+05:30'}, 'datetimeTo': {'utc': '2021-12-31T18:30:00Z', 'local': '2022-01-01T00:00:00+05:30'}}"
166.0,{'hasFlags': False},"{'id': 2, 'name': 'pm25', 'units': 'µg/m³', 'displayName': None}","{'label': '1 month', 'interval': '1 month', 'datetimeFrom': {'utc': '2021-12-31T18:30:00Z', 'local': '2022-01-01T00:00:00+05:30'}, 'datetimeTo': {'utc': '2022-01-31T18:30:00Z', 'local': '2022-02-01T00:00:00+05:30'}}",,"{'min': 45.33333206176758, 'q02': 46.93333282470703, 'q25': 118.375, 'median': 159.5, 'q75': 221.54166412353516, 'q98': 276.2499938964844, 'max': 278.625, 'avg': 166.49507473361106, 'sd': 66.09090439835673}","{'expectedCount': 31, 'expectedInterval': '744:00:00', 'observedCount': 31, 'observedInterval': '744:00:00', 'percentComplete': 100.0, 'percentCoverage': 100.0, 'datetimeFrom': {'utc': '2021-12-31T18:30:00Z', 'local': '2022-01-01T00:00:00+05:30'}, 'datetimeTo': {'utc': '2022-01-31T18:30:00Z', 'local': '2022-02-01T00:00:00+05:30'}}"
99.6,{'hasFlags': False},"{'id': 2, 'name': 'pm25', 'units': 'µg/m³', 'displayName': None}","{'label': '1 month', 'interval': '1 month', 'datetimeFrom': {'utc': '2022-01-31T18:30:00Z', 'local': '2022-02-01T00:00:00+05:30'}, 'datetimeTo': {'utc': '2022-02-28T18:30:00Z', 'local': '2022-03-01T00:00:00+05:30'}}",,"{'min': 28.714284896850586, 'q02': 29.18621841430664, 'q25': 77.71874809265137, 'median': 99.1875, 'q75': 115.0625, 'q98': 199.42250000000004, 'max': 226.625, 'avg': 99.59840842655727, 'sd': 43.260749875919146}","{'expectedCount': 28, 'expectedInterval': '672:00:00', 'observedCount': 28, 'observedInterval': '672:00:00', 'percentComplete': 100.0, 'percentCoverage': 100.0, 'datetimeFrom': {'utc': '2022-01-31T18:30:00Z', 'local': '2022-02-01T00:00:00+05:30'}, 'datetimeTo': {'utc': '2022-02-28T18:30:00Z', 'local': '2022-03-01T00:00:00+05:30'}}"
85.4,{'hasFlags': False},"{'id': 2, 'name': 'pm25', 'units': 'µg/m³', 'displayName': None}","{'label': '1 month', 'interval': '1 month', 'datetimeFrom': {'utc': '2022-02-28T18:30:00Z', 'local': '2022-03-01T00:00:00+05:30'}, 'datetimeTo': {'utc': '2022-03-31T18:30:00Z', 'local': '2022-04-01T00:00:00+05:30'}}",,"{'min': 50.91666793823242, 'q02': 53.46666793823242, 'q25': 71.67708206176758, 'median': 81.79166412353516, 'q75': 100.79166793823242, 'q98': 118.78333435058593, 'max': 119.20833587646484, 'avg': 85.38694307881016, 'sd': 18.741364397503343}","{'expectedCount': 31, 'expectedInterval': '744:00:00', 'observedCount': 31, 'observedInterval': '744:00:00', 'percentComplete': 100.0, 'percentCoverage': 100.0, 'datetimeFrom': {'utc': '2022-02-28T18:30:00Z', 'local': '2022-03-01T00:00:00+05:30'}, 'datetimeTo': {'utc': '2022-03-31T18:30:00Z', 'local': '2022-04-01T00:00:00+05:30'}}"
97.0,{'hasFlags': False},"{'id': 2, 'name': 'pm25', 'units': 'µg/m³', 'displayName': None}","{'label': '1 month', 'interval': '1 month', 'datetimeFrom': {'utc': '2022-03-31T18:30:00Z', 'local': '2022-04-01T00:00:00+05:30'}, 'datetimeTo': {'utc': '2022-04-30T18:30:00Z', 'local': '2022-05-01T00:00:00+05:30'}}",,"{'min': 60.45833206176758, 'q02': 61.01416687011719, 'q25': 84.96874809265137, 'median': 94.85416793823242, 'q75': 101.58333206176758, 'q98': 153.56454010009762, 'max': 162.23529052734375, 'avg': 96.97399291992187, 'sd': 22.115310196854182}","{'expectedCount': 30, 'expectedInterval': '720:00:00', 'observedCount': 30, 'observedInterval': '720:00:00', 'percentComplete': 100.0, 'percentCoverage': 100.0, 'datetimeFrom': {'utc': '2022-03-31T18:30:00Z', 'local': '2022-04-01T00:00:00+05:30'}, 'datetimeTo': {'utc': '2022-04-30T18:30:00Z', 'local': '2022-05-01T00:00:00+05:30'}}"
74.2,{'hasFlags': False},"{'id': 2, 'name': 'pm25', 'units': 'µg/m³', 'displayName': None}","{'label': '1 month', 'interval': '1 month', 'datetimeFrom': {'utc': '2022-04-30T18:30:00Z', 'local': '2022-05-01T00:00:00+05:30'}, 'datetimeTo': {'utc': '2022-05-31T18:30:00Z', 'local': '2022-06-01T00:00:00+05:30'}}",,"{'min': 62.0, 'q02': 62.00750022888184, 'q25': 64.47313690185547, 'median': 69.58333206176758, 'q75': 76.56249809265137, 'q98': 106.42750000000001, 'max': 110.5, 'avg': 74.235306930542, 'sd': 15.087713276458805}","{'expectedCount': 31, 'expectedInterval': '744:00:00', 'observedCount': 31, 'observedInterval': '744:00:00', 'percentComplete': 100.0, 'percentCoverage': 100.0, 'datetimeFrom': {'utc': '2022-04-30T18:30:00Z', 'local': '2022-05-01T00:00:00+05:30'}, 'datetimeTo': {'utc': '2022-05-31T18:30:00Z', 'local': '2022-06-01T00:00:00+05:30'}}"
50.7,{'hasFlags': False},"{'id': 2, 'name': 'pm25', 'units': 'µg/m³', 'displayName': None}","{'label': '1 month', 'interval': '1 month', 'datetimeFrom': {'utc': '2022-05-31T18:30:00Z', 'local': '2022-06-01T00:00:00+05:30'}, 'datetimeTo': {'utc': '2022-06-30T18:30:00Z', 'local': '2022-07-01T00:00:00+05:30'}}",,"{'min': 23.45833396911621, 'q02': 25.298333358764648, 'q25': 35.16666793823242, 'median': 49.599998474121094, 'q75': 64.33333587646484, 'q98': 82.39999999999999, 'max': 86.0, 'avg': 50.70559677124024, 'sd': 17.53468364584448}","{'expectedCount': 30, 'expectedInterval': '720:00:00', 'observedCount': 30, 'observedInterval': '720:00:00', 'percentComplete': 100.0, 'percentCoverage': 100.0, 'datetimeFrom': {'utc': '2022-05-31T18:30:00Z', 'local': '2022-06-01T00:00:00+05:30'}, 'datetimeTo': {'utc': '2022-06-30T18:30:00Z', 'local': '2022-07-01T00:00:00+05:30'}}"
27.4,{'hasFlags': False},"{'id': 2, 'name': 'pm25', 'units': 'µg/m³', 'displayName': None}","{'label': '1 month', 'interval': '1 month', 'datetimeFrom': {'utc': '2022-06-30T18:30:00Z', 'local': '2022-07-01T00:00:00+05:30'}, 'datetimeTo': {'utc': '2022-07-31T18:30:00Z', 'local': '2022-08-01T00:00:00+05:30'}}",,"{'min': 11.636363983154297, 'q02': 13.845454788208007, 'q25': 19.91666603088379, 'median': 24.0, 'q75': 33.4375, 'q98': 50.69999923706054, 'max': 54.625, 'avg': 27.445295303098618, 'sd': 10.43816297897032}","{'expectedCount': 31, 'expectedInterval': '744:00:00', 'observedCount': 31, 'observedInterval': '744:00:00', 'percentComplete': 100.0, 'percentCoverage': 100.0, 'datetimeFrom': {'utc': '2022-06-30T18:30:00Z', 'local': '2022-07-01T00:00:00+05:30'}, 'datetimeTo': {'utc': '2022-07-31T18:30:00Z', 'local': '2022-08-01T00:00:00+05:30'}}"
26.6,{'hasFlags': False},"{'id': 2, 'name': 'pm25', 'units': 'µg/m³', 'displayName': None}","{'label': '1 month', 'interval': '1 month', 'datetimeFrom': {'utc': '2022-07-31T18:30:00Z', 'local': '2022-08-01T00:00:00+05:30'}, 'datetimeTo': {'utc': '2022-08-31T18:30:00Z', 'local': '2022-09-01T00:00:00+05:30'}}",,"{'min': 9.208333015441895, 'q02': 11.587681007385253, 'q25': 17.5, 'median': 26.058822631835938, 'q75': 36.97916603088379, 'q98': 42.783332061767574, 'max': 45.33333206176758, 'avg': 26.585464416011686, 'sd': 10.449173251197323}","{'expectedCount': 31, 'expectedInterval': '744:00:00', 'observedCount': 31, 'observedInterval': '744:00:00', 'percentComplete': 100.0, 'percentCoverage': 100.0, 'datetimeFrom': {'utc': '2022-07-31T18:30:00Z', 'local': '2022-08-01T00:00:00+05:30'}, 'datetimeTo': {'utc': '2022-08-31T18:30:00Z', 'local': '2022-09-01T00:00:00+05:30'}}"
33.2,{'hasFlags': False},"{'id': 2, 'name': 'pm25', 'units': 'µg/m³', 'displayName': None}","{'label': '1 month', 'interval': '1 month', 'datetimeFrom': {'utc': '2022-08-31T18:30:00Z', 'local': '2022-09-01T00:00:00+05:30'}, 'datetimeTo': {'utc': '2022-09-30T18:30:00Z', 'local': '2022-10-01T00:00:00+05:30'}}",,"{'min': 9.958333015441895, 'q02': 11.577499866485596, 'q25': 21.145833492279053, 'median': 31.930556297302246, 'q75': 43.031249046325684, 'q98': 67.65197204589843, 'max': 69.81818389892578, 'avg': 33.19793198903402, 'sd': 15.980993712611422}","{'expectedCount': 30, 'expectedInterval': '720:00:00', 'observedCount': 30, 'observedInterval': '720:00:00', 'percentComplete': 100.0, 'percentCoverage': 100.0, 'datetimeFrom': {'utc': '2022-08-31T18:30:00Z', 'local': '2022-09-01T00:00:00+05:30'}, 'datetimeTo': {'utc': '2022-09-30T18:30:00Z', 'local': '2022-10-01T00:00:00+05:30'}}"
90.2,{'hasFlags': False},"{'id': 2, 'name': 'pm25', 'units': 'µg/m³', 'displayName': None}","{'label': '1 month', 'interval': '1 month', 'datetimeFrom': {'utc': '2022-09-30T18:30:00Z', 'local': '2022-10-01T00:00:00+05:30'}, 'datetimeTo': {'utc': '2022-10-31T18:30:00Z', 'local': '2022-11-01T00:00:00+05:30'}}",,"{'min': 6.166666507720947, 'q02': 8.316666603088379, 'q25': 48.3125, 'median': 83.91666412353516, 'q75': 111.91666412353516, 'q98': 218.65978698730467, 'max': 221.0869598388672, 'avg': 90.15542441029703, 'sd': 61.487270741483854}","{'expectedCount': 31, 'expectedInterval': '744:00:00', 'observedCount': 31, 'observedInterval': '744:00:00', 'percentComplete': 100.0, 'percentCoverage': 100.0, 'datetimeFrom': {'utc': '2022-09-30T18:30:00Z', 'local': '2022-10-01T00:00:00+05:30'}, 'datetimeTo': {'utc': '2022-10-31T18:30:00Z', 'local': '2022-11-01T00:00:00+05:30'}}"
172.0,{'hasFlags': False},"{'id': 2, 'name': 'pm25', 'units': 'µg/m³', 'displayName': None}","{'label': '1 month', 'interval': '1 month', 'datetimeFrom': {'utc': '2022-10-31T18:30:00Z', 'local': '2022-11-01T00:00:00+05:30'}, 'datetimeTo': {'utc': '2022-11-30T18:30:00Z', 'local': '2022-12-01T00:00:00+05:30'}}",,"{'min': 82.95833587646484, 'q02': 86.05902069091798, 'q25': 123.64583396911621, 'median': 163.0615997314453, 'q75': 199.63541793823242, 'q98': 340.87305114746084, 'max': 376.7826232910156, 'avg': 172.2676694234212, 'sd': 64.63470202581232}","{'expectedCount': 30, 'expectedInterval': '720:00:00', 'observedCount': 30, 'observedInterval': '720:00:00', 'percentComplete': 100.0, 'percentCoverage': 100.0, 'datetimeFrom': {'utc': '2022-10-31T18:30:00Z', 'local': '2022-11-01T00:00:00+05:30'}, 'datetimeTo': {'utc': '2022-11-30T18:30:00Z', 'local': '2022-12-01T00:00:00+05:30'}}"
182.0,{'hasFlags': False},"{'id': 2, 'name': 'pm25', 'units': 'µg/m³', 'displayName': None}","{'label': '1 month', 'interval': '1 month', 'datetimeFrom': {'utc': '2022-11-30T18:30:00Z', 'local': '2022-12-01T00:00:00+05:30'}, 'datetimeTo': {'utc': '2022-12-31T18:30:00Z', 'local': '2023-01-01T00:00:00+05:30'}}",,"{'min': 70.45833587646484, 'q02': 76.80499969482422, 'q25': 144.625, 'median': 193.2916717529297, 'q75': 222.2083282470703, 'q98': 291.0999975585937, 'max': 300.8636474609375, 'avg': 182.0142375025256, 'sd': 57.86715664502875}","{'expectedCount': 31, 'expectedInterval': '744:00:00', 'observedCount': 31, 'observedInterval': '744:00:00', 'percentComplete': 100.0, 'percentCoverage': 100.0, 'datetimeFrom': {'utc': '2022-11-30T18:30:00Z', 'local': '2022-12-01T00:00:00+05:30'}, 'datetimeTo': {'utc': '2022-12-31T18:30:00Z', 'local': '2023-01-01T00:00:00+05:30'}}"
193.0,{'hasFlags': False},"{'id': 2, 'name': 'pm25', 'units': 'µg/m³', 'displayName': None}","{'label': '1 month', 'interval': '1 month', 'datetimeFrom': {'utc': '2022-12-31T18:30:00Z', 'local': '2023-01-01T00:00:00+05:30'}, 'datetimeTo': {'utc': '2023-01-31T18:30:00Z', 'local': '2023-02-01T00:00:00+05:30'}}",,"{'min': 68.22916666666667, 'q02': 68.55950757575758, 'q25': 114.90104166666666, 'median': 185.95833333333331, 'q75': 272.1041717529297, 'q98': 406.64756410256416, 'max': 469.0833333333333, 'avg': 193.28661277659506, 'sd': 100.63644891520426}","{'expectedCount': 31, 'expectedInterval': '744:00:00', 'observedCount': 28, 'observedInterval': '672:00:00', 'percentComplete': 90.0, 'percentCoverage': 90.0, 'datetimeFrom': {'utc': '2022-12-31T18:30:00Z', 'local': '2023-01-01T00:00:00+05:30'}, 'datetimeTo': {'utc': '2023-01-31T18:30:00Z', 'local': '2023-02-01T00:00:00+05:30'}}"
96.5,{'hasFlags': False},"{'id': 2, 'name': 'pm25', 'units': 'µg/m³', 'displayName': None}","{'label': '1 month', 'interval': '1 month', 'datetimeFrom': {'utc': '2023-01-31T18:30:00Z', 'local': '2023-02-01T00:00:00+05:30'}, 'datetimeTo': {'utc': '2023-02-28T18:30:00Z', 'local': '2023-03-01T00:00:00+05:30'}}",,"{'min': 58.4, 'q02': 60.71966666666667, 'q25': 87.39583333333333, 'median': 91.0, 'q75': 101.92307692307692, 'q98': 140.35076923076923, 'max': 143.69230769230768, 'avg': 96.48224358974359, 'sd': 30.908202563732857}","{'expectedCount': 28, 'expectedInterval': '672:00:00', 'observedCount': 5, 'observedInterval': '120:00:00', 'percentComplete': 18.0, 'percentCoverage': 18.0, 'datetimeFrom': {'utc': '2023-01-31T18:30:00Z', 'local': '2023-02-01T00:00:00+05:30'}, 'datetimeTo': {'utc': '2023-02-16T18:30:00Z', 'local': '2023-02-17T00:00:00+05:30'}}"
54.6,{'hasFlags': False},"{'id': 2, 'name': 'pm25', 'units': 'µg/m³', 'displayName': None}","{'label': '1 month', 'interval': '1 month', 'datetimeFrom': {'utc': '2023-02-28T18:30:00Z', 'local': '2023-03-01T00:00:00+05:30'}, 'datetimeTo': {'utc': '2023-03-31T18:30:00Z', 'local': '2023-04-01T00:00:00+05:30'}}",,"{'min': 5.085106382978723, 'q02': 11.40468085106383, 'q25': 41.08510638297872, 'median': 56.479166666666664, 'q75': 68.82857142857142, 'q98': 91.32545238095238, 'max': 94.60416666666667, 'avg': 54.615615126826256, 'sd': 22.80661339535919}","{'expectedCount': 31, 'expectedInterval': '744:00:00', 'observedCount': 13, 'observedInterval': '312:00:00', 'percentComplete': 42.0, 'percentCoverage': 42.0, 'datetimeFrom': {'utc': '2023-03-18T18:30:00Z', 'local': '2023-03-19T00:00:00+05:30'}, 'datetimeTo': {'utc': '2023-03-31T18:30:00Z', 'local': '2023-04-01T00:00:00+05:30'}}"
54.6,{'hasFlags': False},"{'id': 2, 'name': 'pm25', 'units': 'µg/m³', 'displayName': None}","{'label': '1 month', 'interval': '1 month', 'datetimeFrom': {'utc': '2023-03-31T18:30:00Z', 'local': '2023-04-01T00:00:00+05:30'}, 'datetimeTo': {'utc': '2023-04-30T18:30:00Z', 'local': '2023-05-01T00:00:00+05:30'}}",,"{'min': -167.1, 'q02': -55.69857142857144, 'q25': 44.167885638297875, 'median': 60.79407051282051, 'q75': 74.98035714285714, 'q98': 105.33624999999996, 'max': 117.02083333333333, 'avg': 54.59474781129037, 'sd': 47.291136113139096}","{'expectedCount': 30, 'expectedInterval': '720:00:00', 'observedCount': 30, 'observedInterval': '720:00:00', 'percentComplete': 100.0, 'percentCoverage': 100.0, 'datetimeFrom': {'utc': '2023-03-31T18:30:00Z', 'local': '2023-04-01T00:00:00+05:30'}, 'datetimeTo': {'utc': '2023-04-30T18:30:00Z', 'local': '2023-05-01T00:00:00+05:30'}}"
53.2,{'hasFlags': False},"{'id': 2, 'name': 'pm25', 'units': 'µg/m³', 'displayName': None}","{'label': '1 month', 'interval': '1 month', 'datetimeFrom': {'utc': '2023-04-30T18:30:00Z', 'local': '2023-05-01T00:00:00+05:30'}, 'datetimeTo': {'utc': '2023-05-31T18:30:00Z', 'local': '2023-06-01T00:00:00+05:30'}}",,"{'min': -24.0, 'q02': -14.034782608695652, 'q25': 29.59951241134752, 'median': 52.875, 'q75': 77.54166666666666, 'q98': 126.35416666666666, 'max': 128.97916666666666, 'avg': 53.2478296927377, 'sd': 35.73908247090828}","{'expectedCount': 31, 'expectedInterval': '744:00:00', 'observedCount': 31, 'observedInterval': '744:00:00', 'percentComplete': 100.0, 'percentCoverage': 100.0, 'datetimeFrom': {'utc': '2023-04-30T18:30:00Z', 'local': '2023-05-01T00:00:00+05:30'}, 'datetimeTo': {'utc': '2023-05-31T18:30:00Z', 'local': '2023-06-01T00:00:00+05:30'}}"
-390.0,{'hasFlags': False},"{'id': 2, 'name': 'pm25', 'units': 'µg/m³', 'displayName': None}","{'label': '1 month', 'interval': '1 month', 'datetimeFrom': {'utc': '2023-05-31T18:30:00Z', 'local': '2023-06-01T00:00:00+05:30'}, 'datetimeTo': {'utc': '2023-06-30T18:30:00Z', 'local': '2023-07-01T00:00:00+05:30'}}",,"{'min': -999.0, 'q02': -950.9296, 'q25': -626.7471264367816, 'median': -341.1801587301587, 'q75': -72.46926910299004, 'q98': 35.441666666666656, 'max': 37.375, 'avg': -389.6581755383982, 'sd': 327.67203177226173}","{'expectedCount': 30, 'expectedInterval': '720:00:00', 'observedCount': 30, 'observedInterval': '720:00:00', 'percentComplete': 100.0, 'percentCoverage': 100.0, 'datetimeFrom': {'utc': '2023-05-31T18:30:00Z', 'local': '2023-06-01T00:00:00+05:30'}, 'datetimeTo': {'utc': '2023-06-30T18:30:00Z', 'local': '2023-07-01T00:00:00+05:30'}}"
-115.0,{'hasFlags': False},"{'id': 2, 'name': 'pm25', 'units': 'µg/m³', 'displayName': None}","{'label': '1 month', 'interval': '1 month', 'datetimeFrom': {'utc': '2023-06-30T18:30:00Z', 'local': '2023-07-01T00:00:00+05:30'}, 'datetimeTo': {'utc': '2023-07-31T18:30:00Z', 'local': '2023-08-01T00:00:00+05:30'}}",,"{'min': -841.9230769230769, 'q02': -800.7470085470086, 'q25': -129.3780487804878, 'median': 11.125, 'q75': 25.642857142857142, 'q98': 37.39583333333333, 'max': 38.864583333333336, 'avg': -114.5667856627469, 'sd': 247.06841596643847}","{'expectedCount': 31, 'expectedInterval': '744:00:00', 'observedCount': 31, 'observedInterval': '744:00:00', 'percentComplete': 100.0, 'percentCoverage': 100.0, 'datetimeFrom': {'utc': '2023-06-30T18:30:00Z', 'local': '2023-07-01T00:00:00+05:30'}, 'datetimeTo': {'utc': '2023-07-31T18:30:00Z', 'local': '2023-08-01T00:00:00+05:30'}}"
-111.0,{'hasFlags': False},"{'id': 2, 'name': 'pm25', 'units': 'µg/m³', 'displayName': None}","{'label': '1 month', 'interval': '1 month', 'datetimeFrom': {'utc': '2023-07-31T18:30:00Z', 'local': '2023-08-01T00:00:00+05:30'}, 'datetimeTo': {'utc': '2023-08-31T18:30:00Z', 'local': '2023-09-01T00:00:00+05:30'}}",,"{'min': -999.0, 'q02': -702.5228571428572, 'q25': -218.71354166666666, 'median': 18.770833333333332, 'q75': 28.380208333333336, 'q98': 32.631249999999994, 'max': 33.625, 'avg': -110.50929339477725, 'sd': 213.8380432296296}","{'expectedCount': 31, 'expectedInterval': '744:00:00', 'observedCount': 31, 'observedInterval': '744:00:00', 'percentComplete': 100.0, 'percentCoverage': 100.0, 'datetimeFrom': {'utc': '2023-07-31T18:30:00Z', 'local': '2023-08-01T00:00:00+05:30'}, 'datetimeTo': {'utc': '2023-08-31T18:30:00Z', 'local': '2023-09-01T00:00:00+05:30'}}"
-207.0,{'hasFlags': False},"{'id': 2, 'name': 'pm25', 'units': 'µg/m³', 'displayName': None}","{'label': '1 month', 'interval': '1 month', 'datetimeFrom': {'utc': '2023-08-31T18:30:00Z', 'local': '2023-09-01T00:00:00+05:30'}, 'datetimeTo': {'utc': '2023-09-30T18:30:00Z', 'local': '2023-10-01T00:00:00+05:30'}}",,"{'min': -244.53125, 'q02': -243.37729166666665, 'q25': -226.86979166666666, 'median': -216.65625, 'q75': -193.51822916666666, 'q98': -126.49611742424243, 'max': -126.21875, 'avg': -206.70873271724335, 'sd': 32.035623097207726}","{'expectedCount': 30, 'expectedInterval': '720:00:00', 'observedCount': 30, 'observedInterval': '720:00:00', 'percentComplete': 100.0, 'percentCoverage': 100.0, 'datetimeFrom': {'utc': '2023-08-31T18:30:00Z', 'local': '2023-09-01T00:00:00+05:30'}, 'datetimeTo': {'utc': '2023-09-30T18:30:00Z', 'local': '2023-10-01T00:00:00+05:30'}}"
-14.9,{'hasFlags': False},"{'id': 2, 'name': 'pm25', 'units': 'µg/m³', 'displayName': None}","{'label': '1 month', 'interval': '1 month', 'datetimeFrom': {'utc': '2023-09-30T18:30:00Z', 'local': '2023-10-01T00:00:00+05:30'}, 'datetimeTo': {'utc': '2023-10-31T18:30:00Z', 'local': '2023-11-01T00:00:00+05:30'}}",,"{'min': -211.20212765957447, 'q02': -207.2308510638298, 'q25': -153.56770833333334, 'median': 11.3125, 'q75': 76.08854166666666, 'q98': 162.83541666666662, 'max': 188.51041666666666, 'avg': -14.89899336536262, 'sd': 122.68172990675262}","{'expectedCount': 31, 'expectedInterval': '744:00:00', 'observedCount': 31, 'observedInterval': '744:00:00', 'percentComplete': 100.0, 'percentCoverage': 100.0, 'datetimeFrom': {'utc': '2023-09-30T18:30:00Z', 'local': '2023-10-01T00:00:00+05:30'}, 'datetimeTo': {'utc': '2023-10-31T18:30:00Z', 'local': '2023-11-01T00:00:00+05:30'}}"
234.0,{'hasFlags': False},"{'id': 2, 'name': 'pm25', 'units': 'µg/m³', 'displayName': None}","{'label': '1 month', 'interval': '1 month', 'datetimeFrom': {'utc': '2023-10-31T18:30:00Z', 'local': '2023-11-01T00:00:00+05:30'}, 'datetimeTo': {'utc': '2023-11-30T18:30:00Z', 'local': '2023-12-01T00:00:00+05:30'}}",,"{'min': 94.3695652173913, 'q02': 110.67260869565217, 'q25': 186.953125, 'median': 246.25, 'q75': 269.1195652173913, 'q98': 350.63739130434783, 'max': 358.1521739130435, 'avg': 233.75752570505293, 'sd': 68.28239644562214}","{'expectedCount': 30, 'expectedInterval': '720:00:00', 'observedCount': 30, 'observedInterval': '720:00:00', 'percentComplete': 100.0, 'percentCoverage': 100.0, 'datetimeFrom': {'utc': '2023-10-31T18:30:00Z', 'local': '2023-11-01T00:00:00+05:30'}, 'datetimeTo': {'utc': '2023-11-30T18:30:00Z', 'local': '2023-12-01T00:00:00+05:30'}}"
207.0,{'hasFlags': False},"{'id': 2, 'name': 'pm25', 'units': 'µg/m³', 'displayName': None}","{'label': '1 month', 'interval': '1 month', 'datetimeFrom': {'utc': '2023-11-30T18:30:00Z', 'local': '2023-12-01T00:00:00+05:30'}, 'datetimeTo': {'utc': '2023-12-31T18:30:00Z', 'local': '2024-01-01T00:00:00+05:30'}}",,"{'min': 129.11111111111111, 'q02': 132.13574879227053, 'q25': 163.68478260869563, 'median': 194.8695652173913, 'q75': 251.1304347826087, 'q98': 321.2739130434782, 'max': 343.4347826086956, 'avg': 207.18993185023012, 'sd': 58.58886358185482}","{'expectedCount': 31, 'expectedInterval': '744:00:00', 'observedCount': 31, 'observedInterval': '744:00:00', 'percentComplete': 100.0, 'percentCoverage': 100.0, 'datetimeFrom': {'utc': '2023-11-30T18:30:00Z', 'local': '2023-12-01T00:00:00+05:30'}, 'datetimeTo': {'utc': '2023-12-31T18:30:00Z', 'local': '2024-01-01T00:00:00+05:30'}}"
